Time(Iteration),EpsilonGreedyLinearBandit,LinUCBBandit,LinTSBandit,LinPHEBandit
0,0.4645955135965772,0.48276858072913403,0.2900725009398609,0.2900725009398609
